<?xml version="1.0" encoding="utf-8"?>
<template>
  <name>default</name>
  <author>Mike van Riel</author>
  <email>mike@phpdoc.org</email>
  <version>1.0.0</version>
  <transformations>
    <transformation writer="twig" source="templates/default/index.html.twig" artifact="index.html"/>
    <transformation writer="twig" query="files" source="templates/default/file.html.twig" />
    <transformation writer="sourcecode" query="files" source="templates/default/source/file.source.txt.twig" artifact="files/{{path}}.txt" />
    <transformation writer="twig" query="indexes.namespaces" source="templates/default/namespace.html.twig" />
    <transformation writer="twig" query="indexes.packages" source="templates/default/package.html.twig" />
    <transformation writer="twig" query="indexes.classes" source="templates/default/class.html.twig" />
    <transformation writer="twig" query="indexes.enums" source="templates/default/enum.html.twig" />
    <transformation writer="twig" query="indexes.interfaces" source="templates/default/interface.html.twig" />
    <transformation writer="twig" query="indexes.traits" source="templates/default/trait.html.twig" />
    <transformation writer="twig" source="templates/default/js/template.js.twig" artifact="js/template.js" />
    <transformation writer="twig" source="templates/default/js/search.js.twig" artifact="js/search.js" />
    <transformation writer="twig" source="templates/default/js/searchIndex.js.twig" artifact="js/searchIndex.js" />
    <transformation writer="twig" source="templates/default/graphs/class.html.twig" artifact="graphs/classes.html" />
    <transformation writer="twig" source="templates/default/reports/errors.html.twig" artifact="reports/errors.html" />
    <transformation writer="twig" source="templates/default/reports/deprecated.html.twig" artifact="reports/deprecated.html" />
    <transformation writer="twig" source="templates/default/reports/markers.html.twig" artifact="reports/markers.html" />
    <transformation writer="twig" source="templates/default/indices/files.html.twig" artifact="indices/files.html" />
    <transformation writer="twig" source="templates/default/css/base.css.twig" artifact="css/base.css" />
    <transformation writer="twig" source="templates/default/css/normalize.css.twig" artifact="css/normalize.css" />
    <transformation writer="twig" source="templates/default/css/template.css.twig" artifact="css/template.css" />
    <transformation writer="RenderGuide" />
    <transformation writer="Graph" source="Class" artifact="graphs/classes.svg" />
  </transformations>
  <parameters>
    <parameter key="twig-debug">true</parameter>
  </parameters>
</template>
